{
    "Alpha": 1.0,
    "AntiAliasedFill": true,
    "AntiAliasedLines": true,
    "AntiAliasedLinesUseTex": true,
    "CellPadding": [
        4.0,
        2.0
    ],
    "ChildBorderSize": 1.0,
    "ChildRounding": 0.0,
    "CircleTessellationMaxError": 0.30000001192092896,
    "Colors": [
        [
            1.0,
            1.0,
            1.0,
            1.0
        ],
        [
            0.5,
            0.5,
            0.5,
            1.0
        ],
        [
            0.125490203499794,
            0.13333334028720856,
            0.1411764770746231,
            1.0
        ],
        [
            0.0,
            0.0,
            0.0,
            0.0
        ],
        [
            0.07999999821186066,
            0.07999999821186066,
            0.07999999821186066,
            0.9399999976158142
        ],
        [
            0.4300000071525574,
            0.4300000071525574,
            0.5,
            0.5
        ],
        [
            0.0,
            0.0,
            0.0,
            0.0
        ],
        [
            0.3450980484485626,
            0.3490196168422699,
            0.35686275362968445,
            1.0
        ],
        [
            0.2235294133424759,
            0.46666666865348816,
            0.8470588326454163,
            1.0
        ],
        [
            0.25999999046325684,
            0.5899999737739563,
            0.9800000190734863,
            0.6700000166893005
        ],
        [
            0.11764705926179886,
            0.12156862765550613,
            0.125490203499794,
            1.0
        ],
        [
            0.21176470816135406,
            0.21960784494876862,
            0.22745098173618317,
            1.0
        ],
        [
            0.0,
            0.0,
            0.0,
            0.5099999904632568
        ],
        [
            0.14000000059604645,
            0.14000000059604645,
            0.14000000059604645,
            1.0
        ],
        [
            0.019999999552965164,
            0.019999999552965164,
            0.019999999552965164,
            0.5299999713897705
        ],
        [
            0.6039215922355652,
            0.6078431606292725,
            0.6078431606292725,
            1.0
        ],
        [
            0.42352941632270813,
            0.4274509847164154,
            0.4274509847164154,
            1.0
        ],
        [
            0.5099999904632568,
            0.5099999904632568,
            0.5099999904632568,
            1.0
        ],
        [
            0.18039216101169586,
            0.37254902720451355,
            0.6784313917160034,
            1.0
        ],
        [
            0.18039216101169586,
            0.37254902720451355,
            0.6784313917160034,
            1.0
        ],
        [
            0.2235294133424759,
            0.46666666865348816,
            0.8470588326454163,
            1.0
        ],
        [
            0.18039216101169586,
            0.37254902720451355,
            0.6784313917160034,
            0.7843137383460999
        ],
        [
            0.2235294133424759,
            0.46666666865348816,
            0.8470588326454163,
            1.0
        ],
        [
            0.05999999865889549,
            0.5299999713897705,
            0.9800000190734863,
            1.0
        ],
        [
            0.25999999046325684,
            0.5899999737739563,
            0.9800000190734863,
            0.3100000023841858
        ],
        [
            0.25999999046325684,
            0.5899999737739563,
            0.9800000190734863,
            0.800000011920929
        ],
        [
            0.25999999046325684,
            0.5899999737739563,
            0.9800000190734863,
            1.0
        ],
        [
            0.4300000071525574,
            0.4300000071525574,
            0.5,
            0.5
        ],
        [
            0.10000000149011612,
            0.4000000059604645,
            0.75,
            0.7799999713897705
        ],
        [
            0.10000000149011612,
            0.4000000059604645,
            0.75,
            1.0
        ],
        [
            0.25999999046325684,
            0.5899999737739563,
            0.9800000190734863,
            0.20000000298023224
        ],
        [
            0.25999999046325684,
            0.5899999737739563,
            0.9800000190734863,
            0.6700000166893005
        ],
        [
            0.25999999046325684,
            0.5899999737739563,
            0.9800000190734863,
            0.949999988079071
        ],
        [
            1.0,
            1.0,
            1.0,
            1.0
        ],
        [
            0.12156862765550613,
            0.12156862765550613,
            0.12156862765550613,
            1.0
        ],
        [
            0.3019607961177826,
            0.30588236451148987,
            0.30980393290519714,
            1.0
        ],
        [
            0.48235294222831726,
            0.4901960790157318,
            0.4941176474094391,
            1.0
        ],
        [
            0.6039215922355652,
            0.6117647290229797,
            0.615686297416687,
            1.0
        ],
        [
            0.3607843220233917,
            0.3686274588108063,
            0.3686274588108063,
            1.0
        ],
        [
            0.21176470816135406,
            0.21960784494876862,
            0.22745098173618317,
            1.0
        ],
        [
            0.501960813999176,
            0.501960813999176,
            0.501960813999176,
            1.0
        ],
        [
            0.25999999046325684,
            0.5899999737739563,
            0.9800000190734863,
            0.699999988079071
        ],
        [
            0.20000000298023224,
            0.20000000298023224,
            0.20000000298023224,
            0.0
        ],
        [
            0.6100000143051147,
            0.6100000143051147,
            0.6100000143051147,
            1.0
        ],
        [
            1.0,
            0.4300000071525574,
            0.3499999940395355,
            1.0
        ],
        [
            0.8999999761581421,
            0.699999988079071,
            0.0,
            1.0
        ],
        [
            1.0,
            0.6000000238418579,
            0.0,
            1.0
        ],
        [
            0.1899999976158142,
            0.1899999976158142,
            0.20000000298023224,
            1.0
        ],
        [
            0.3100000023841858,
            0.3100000023841858,
            0.3499999940395355,
            1.0
        ],
        [
            0.23000000417232513,
            0.23000000417232513,
            0.25,
            1.0
        ],
        [
            0.0,
            0.0,
            0.0,
            0.0
        ],
        [
            1.0,
            1.0,
            1.0,
            0.05999999865889549
        ],
        [
            0.25999999046325684,
            0.5899999737739563,
            0.9800000190734863,
            1.0
        ],
        [
            0.25999999046325684,
            0.5899999737739563,
            0.9800000190734863,
            0.3499999940395355
        ],
        [
            0.4300000071525574,
            0.4300000071525574,
            0.5,
            0.5
        ],
        [
            1.0,
            1.0,
            0.0,
            0.8999999761581421
        ],
        [
            0.25999999046325684,
            0.5899999737739563,
            0.9800000190734863,
            1.0
        ],
        [
            1.0,
            1.0,
            1.0,
            0.699999988079071
        ],
        [
            0.800000011920929,
            0.800000011920929,
            0.800000011920929,
            0.20000000298023224
        ],
        [
            0.800000011920929,
            0.800000011920929,
            0.800000011920929,
            0.3499999940395355
        ]
    ],